{
  "config": {
    "tasks": [
      "Close the drawer",
      "Open the drawer",
      "close brown1fbox flap",
      "close cabinet",
      "close drawer of box",
      "close fridge",
      "close large4fbox flaps",
      "close low fridge",
      "close microwave",
      "close oven",
      "close small4fbox flaps",
      "close the drawer",
      "close white1fbox flap",
      "closed the drawer",
      "end effector reaching corn",
      "end effector reaching pot or pan",
      "end effector reaching salmon",
      "end effector reaching stuffedrabbit",
      "end effector transition from object to object",
      "end effector transition from pot or pan to object"
    ],
    "min_demos": 20,
    "max_tasks": 20,
    "max_episodes": 50,
    "clip_model": "ViT-L-14-quickgelu_openai",
    "dinov2_model": "vit_small_patch14_dinov2",
    "random_seeds": [
      42,
      123,
      456
    ],
    "K_sweep": [
      4,
      8,
      16,
      32
    ]
  },
  "results": {
    "uniform_k4": {
      "top_1": 0.8089887640449438,
      "top_5": 0.9606741573033708,
      "mean_cr": 0.19029889817464665,
      "mean_n_kf": 4.0,
      "clip_sim": 0.2095160996357922,
      "n_gallery": 685,
      "n_query": 178
    },
    "uniform_k8": {
      "top_1": 0.8146067415730337,
      "top_5": 0.949438202247191,
      "mean_cr": 0.38026672533456063,
      "mean_n_kf": 7.997682502896871,
      "clip_sim": 0.20940024095780604,
      "n_gallery": 685,
      "n_query": 178
    },
    "uniform_k16": {
      "top_1": 0.8258426966292135,
      "top_5": 0.9550561797752809,
      "mean_cr": 0.7331661224906693,
      "mean_n_kf": 15.6882966396292,
      "clip_sim": 0.2099178724534818,
      "n_gallery": 685,
      "n_query": 178
    },
    "uniform_k32": {
      "top_1": 0.8370786516853933,
      "top_5": 0.9606741573033708,
      "mean_cr": 0.9688735961031354,
      "mean_n_kf": 22.95712630359212,
      "clip_sim": 0.20997804018257668,
      "n_gallery": 685,
      "n_query": 178
    },
    "random_k4_s42": {
      "top_1": 0.8202247191011236,
      "top_5": 0.9550561797752809,
      "mean_cr": 0.19029889817464665,
      "mean_n_kf": 4.0,
      "clip_sim": 0.20951269126711963,
      "n_gallery": 685,
      "n_query": 178
    },
    "random_k4_s123": {
      "top_1": 0.8258426966292135,
      "top_5": 0.949438202247191,
      "mean_cr": 0.19029889817464665,
      "mean_n_kf": 4.0,
      "clip_sim": 0.20996012207150874,
      "n_gallery": 685,
      "n_query": 178
    },
    "random_k4_s456": {
      "top_1": 0.8314606741573034,
      "top_5": 0.9662921348314607,
      "mean_cr": 0.19029889817464665,
      "mean_n_kf": 4.0,
      "clip_sim": 0.20928628882555117,
      "n_gallery": 685,
      "n_query": 178
    },
    "random_k8_s42": {
      "top_1": 0.8258426966292135,
      "top_5": 0.9550561797752809,
      "mean_cr": 0.38026672533456063,
      "mean_n_kf": 7.997682502896871,
      "clip_sim": 0.20926185334716446,
      "n_gallery": 685,
      "n_query": 178
    },
    "random_k8_s123": {
      "top_1": 0.8370786516853933,
      "top_5": 0.9550561797752809,
      "mean_cr": 0.38026672533456063,
      "mean_n_kf": 7.997682502896871,
      "clip_sim": 0.20923749619052417,
      "n_gallery": 685,
      "n_query": 178
    },
    "random_k8_s456": {
      "top_1": 0.8539325842696629,
      "top_5": 0.9550561797752809,
      "mean_cr": 0.38026672533456063,
      "mean_n_kf": 7.997682502896871,
      "clip_sim": 0.20971503361696991,
      "n_gallery": 685,
      "n_query": 178
    },
    "random_k16_s42": {
      "top_1": 0.8146067415730337,
      "top_5": 0.949438202247191,
      "mean_cr": 0.7331661224906693,
      "mean_n_kf": 15.6882966396292,
      "clip_sim": 0.20984414965777656,
      "n_gallery": 685,
      "n_query": 178
    },
    "random_k16_s123": {
      "top_1": 0.8202247191011236,
      "top_5": 0.9550561797752809,
      "mean_cr": 0.7331661224906693,
      "mean_n_kf": 15.6882966396292,
      "clip_sim": 0.21001332918848942,
      "n_gallery": 685,
      "n_query": 178
    },
    "random_k16_s456": {
      "top_1": 0.8202247191011236,
      "top_5": 0.9606741573033708,
      "mean_cr": 0.7331661224906693,
      "mean_n_kf": 15.6882966396292,
      "clip_sim": 0.20986419263471734,
      "n_gallery": 685,
      "n_query": 178
    },
    "random_k32_s42": {
      "top_1": 0.8370786516853933,
      "top_5": 0.949438202247191,
      "mean_cr": 0.9688735961031354,
      "mean_n_kf": 22.95712630359212,
      "clip_sim": 0.2099187511557914,
      "n_gallery": 685,
      "n_query": 178
    },
    "random_k32_s123": {
      "top_1": 0.8370786516853933,
      "top_5": 0.9550561797752809,
      "mean_cr": 0.9688735961031354,
      "mean_n_kf": 22.95712630359212,
      "clip_sim": 0.21000116624948187,
      "n_gallery": 685,
      "n_query": 178
    },
    "random_k32_s456": {
      "top_1": 0.8314606741573034,
      "top_5": 0.9606741573033708,
      "mean_cr": 0.9688735961031354,
      "mean_n_kf": 22.95712630359212,
      "clip_sim": 0.2099453975400118,
      "n_gallery": 685,
      "n_query": 178
    },
    "optical_flow_k4": {
      "top_1": 0.8033707865168539,
      "top_5": 0.9438202247191011,
      "mean_cr": 0.19029889817464665,
      "mean_n_kf": 4.0,
      "clip_sim": 0.20903075095330853,
      "n_gallery": 685,
      "n_query": 178
    },
    "optical_flow_k8": {
      "top_1": 0.8258426966292135,
      "top_5": 0.9606741573033708,
      "mean_cr": 0.38026672533456063,
      "mean_n_kf": 7.997682502896871,
      "clip_sim": 0.20896902495643355,
      "n_gallery": 685,
      "n_query": 178
    },
    "optical_flow_k16": {
      "top_1": 0.8146067415730337,
      "top_5": 0.949438202247191,
      "mean_cr": 0.7331661224906693,
      "mean_n_kf": 15.6882966396292,
      "clip_sim": 0.20906129268754536,
      "n_gallery": 685,
      "n_query": 178
    },
    "optical_flow_k32": {
      "top_1": 0.8258426966292135,
      "top_5": 0.9606741573033708,
      "mean_cr": 0.9688735961031354,
      "mean_n_kf": 22.95712630359212,
      "clip_sim": 0.20981537100890282,
      "n_gallery": 685,
      "n_query": 178
    },
    "attention_k4": {
      "top_1": 0.8202247191011236,
      "top_5": 0.9719101123595506,
      "mean_cr": 0.19029889817464665,
      "mean_n_kf": 4.0,
      "clip_sim": 0.20932082454582215,
      "n_gallery": 685,
      "n_query": 178
    },
    "attention_k8": {
      "top_1": 0.8089887640449438,
      "top_5": 0.9550561797752809,
      "mean_cr": 0.38026672533456063,
      "mean_n_kf": 7.997682502896871,
      "clip_sim": 0.21013327536031795,
      "n_gallery": 685,
      "n_query": 178
    },
    "attention_k16": {
      "top_1": 0.8314606741573034,
      "top_5": 0.9550561797752809,
      "mean_cr": 0.7331661224906693,
      "mean_n_kf": 15.6882966396292,
      "clip_sim": 0.2097236653606419,
      "n_gallery": 685,
      "n_query": 178
    },
    "attention_k32": {
      "top_1": 0.8370786516853933,
      "top_5": 0.9606741573033708,
      "mean_cr": 0.9688735961031354,
      "mean_n_kf": 22.95712630359212,
      "clip_sim": 0.2099643041264279,
      "n_gallery": 685,
      "n_query": 178
    },
    "frame_diff_k4": {
      "top_1": 0.8370786516853933,
      "top_5": 0.9662921348314607,
      "mean_cr": 0.19029889817464665,
      "mean_n_kf": 4.0,
      "clip_sim": 0.20966899978603437,
      "n_gallery": 685,
      "n_query": 178
    },
    "frame_diff_k8": {
      "top_1": 0.8314606741573034,
      "top_5": 0.9606741573033708,
      "mean_cr": 0.38026672533456063,
      "mean_n_kf": 7.997682502896871,
      "clip_sim": 0.21035375554861366,
      "n_gallery": 685,
      "n_query": 178
    },
    "frame_diff_k16": {
      "top_1": 0.8314606741573034,
      "top_5": 0.9550561797752809,
      "mean_cr": 0.7331661224906693,
      "mean_n_kf": 15.6882966396292,
      "clip_sim": 0.21002093387437448,
      "n_gallery": 685,
      "n_query": 178
    },
    "frame_diff_k32": {
      "top_1": 0.8314606741573034,
      "top_5": 0.9550561797752809,